Test Ejecutado,Ciclos,Instr,CPI,Stalls_Mem,Stalls_Control,L1_Reads,L1_Writes,L1_Read_Hits,L1_Read_Misses,L1_Write_Hits,L1_Write_Misses,L1_Hit_Rate,L1_Miss_Rate,L2_Accesses,L2_Reads,L2_Writes,L2_Hits,L2_Misses,L2_Hit_Rate,L2_Miss_Rate,Memory_Accesses,Mem_Transfer_Cycles,BW_Util,IPC,AMAT,Code_Size_Bytes,Compile_ms,Opt_Unrolled,Opt_DCE_Removed,Opt_Reordered,Opt_Renamed
while loop x<5,179,71,2.521127,96,7,12,8,11,1,5,3,80.00,20.00,9,1,8,5,4,55.56,44.44,9,104,58.10,0.3966,4.82,112,,,,,
bench_seq (O0),21992,8232,2.671526,11713,515,2051,1030,2018,33,773,257,90.59,9.41,1063,33,1030,773,290,72.72,27.28,1063,18978,86.30,0.3743,2.39,232,116,0,0,0,0
bench_seq (O1),13681,5967,2.292777,6718,197,610,613,576,34,356,257,76.21,23.79,647,34,613,356,291,55.02,44.98,647,11528,84.26,0.4362,5.58,636,122,2,0,0,12
bench_stride (O0),4085,1064,3.839286,2798,67,259,134,227,32,98,36,82.70,17.30,166,32,134,98,68,59.04,40.96,166,2888,70.70,0.2605,4.16,232,115,0,0,0,0
bench_stride (O1),3020,787,3.837357,2105,29,78,81,45,33,45,36,56.60,43.40,114,33,81,45,69,39.47,60.53,114,1955,64.74,0.2606,11.04,636,111,2,0,0,12
bench_random (O0),57509,20469,2.809566,32241,1443,5144,2749,5083,61,2267,482,93.12,6.88,2810,61,2749,2267,543,80.68,19.32,2810,50282,87.43,0.3559,1.88,296,104,0,0,0,0
bench_random (O1),51813,21036,2.463063,24712,2045,2463,2466,2401,62,1984,482,88.96,11.04,2528,62,2466,1984,544,78.48,21.52,2528,45236,87.31,0.4060,2.48,588,134,1,0,0,9
bench_mmul (O0),45396,20743,2.188497,21100,788,6116,2216,6090,26,2018,198,97.31,2.69,2242,26,2216,2018,224,90.01,9.99,2242,40165,88.48,0.4569,1.28,616,109,0,0,0,0
bench_mmul (O1),108787,28746,3.784422,72280,1367,8955,5382,8926,29,5174,208,98.35,1.65,5411,29,5382,5174,237,95.62,4.38,5411,97230,89.38,0.2642,1.15,1352,121,2,0,0,27
