Test Ejecutado,Ciclos,Instr,CPI,Stalls_Mem,Stalls_Control,L1_Reads,L1_Writes,L1_Read_Hits,L1_Read_Misses,L1_Write_Hits,L1_Write_Misses,L1_Hit_Rate,L1_Miss_Rate,L2_Accesses,L2_Hits,L2_Misses,L2_Hit_Rate,L2_Miss_Rate,Memory_Accesses,Mem_Transfer_Cycles,BW_Util
while loop x<5,179,71,2.521127,96,7,12,8,11,1,5,3,80.00,20.00,9,5,4,55.56,44.44,9,104,58.10
bench_seq,21992,8232,2.671526,11713,515,2051,1030,2018,33,773,257,90.59,9.41,1063,773,290,72.72,27.28,1063,18978,86.30
bench_stride,4085,1064,3.839286,2798,67,259,134,227,32,98,36,82.70,17.30,166,98,68,59.04,40.96,166,2888,70.70
bench_random,57509,20469,2.809566,32241,1443,5144,2749,5083,61,2267,482,93.12,6.88,2810,2267,543,80.68,19.32,2810,50282,87.43
bench_mmul,45396,20743,2.188497,21100,788,6116,2216,6090,26,2018,198,97.31,2.69,2242,2018,224,90.01,9.99,2242,40165,88.48
